{
  "0.0": {
    "nmi": 0.39426052495229574,
    "ari": 0.2368539148402104,
    "entropy": 0.3224292993545532,
    "time": 6.226833820343018
  },
  "0.05": {
    "nmi": 0.24723424410174924,
    "ari": 0.12581653943790988,
    "entropy": 0.2309992015361786,
    "time": 5.706355094909668
  },
  "0.1": {
    "nmi": 0.1272073751363836,
    "ari": 0.04055245023911819,
    "entropy": 0.20944643020629883,
    "time": 5.004559278488159
  },
  "0.2": {
    "nmi": 0.3815081943421455,
    "ari": 0.18518803335241163,
    "entropy": 0.465265691280365,
    "time": 5.103347539901733
  },
  "0.3": {
    "nmi": 0.3621012199976661,
    "ari": 0.21942920906392455,
    "entropy": 0.3293913006782532,
    "time": 5.613735675811768
  },
  "0.5": {
    "nmi": 0.2696180269699998,
    "ari": 0.11402505874882223,
    "entropy": 0.47699832916259766,
    "time": 5.152954339981079
  },
  "1.0": {
    "nmi": 0.3019491868011798,
    "ari": 0.08538881604415897,
    "entropy": 0.5361084938049316,
    "time": 5.8044421672821045
  }
}