{
  "0.00": {
    "nmi": 0.4311127392142207,
    "ari": 0.2377594386821947,
    "entropy": 0.9343083500862122,
    "time": 11.387371301651001
  },
  "0.01": {
    "nmi": 0.41710219774231516,
    "ari": 0.23559776267679178,
    "entropy": 1.2214499711990356,
    "time": 12.024544954299927
  },
  "0.02": {
    "nmi": 0.40597144422878073,
    "ari": 0.24673200305763174,
    "entropy": 1.5538980960845947,
    "time": 12.761981725692749
  },
  "0.03": {
    "nmi": 0.42432603835760946,
    "ari": 0.23842995214762572,
    "entropy": 1.6755845546722412,
    "time": 11.503611326217651
  },
  "0.04": {
    "nmi": 0.4680539065178158,
    "ari": 0.34040953775095106,
    "entropy": 1.8248149156570435,
    "time": 13.7056405544281
  },
  "0.05": {
    "nmi": 0.34640299009445996,
    "ari": 0.19647814891090692,
    "entropy": 1.9683380126953125,
    "time": 11.597731113433838
  },
  "0.06": {
    "nmi": 0.3414619362862975,
    "ari": 0.198353141567573,
    "entropy": 1.696577787399292,
    "time": 11.8721022605896
  },
  "0.07": {
    "nmi": 0.34972729713362105,
    "ari": 0.20241111407283538,
    "entropy": 2.108036518096924,
    "time": 11.945718050003052
  },
  "0.08": {
    "nmi": 0.36083891290565506,
    "ari": 0.16075183469440837,
    "entropy": 2.0832982063293457,
    "time": 11.936397075653076
  },
  "0.09": {
    "nmi": 0.28239399308962104,
    "ari": 0.14190715070033413,
    "entropy": 2.1663477420806885,
    "time": 12.787097930908203
  },
  "0.10": {
    "nmi": 0.3016410442931411,
    "ari": 0.17642722528438687,
    "entropy": 2.0630900859832764,
    "time": 12.10745644569397
  },
  "0.15": {
    "nmi": 0.23292926179245121,
    "ari": 0.12088589237047945,
    "entropy": 2.2242326736450195,
    "time": 12.13226842880249
  },
  "0.20": {
    "nmi": 0.23224751474565172,
    "ari": 0.12332306346459583,
    "entropy": 2.2112128734588623,
    "time": 12.272891998291016
  }
}